-- Categories
INSERT INTO categories (id, name, description) VALUES (1, 'Less', 'Include they trade society finish take young.');
INSERT INTO categories (id, name, description) VALUES (2, 'Minute', 'City let well police fast.');
INSERT INTO categories (id, name, description) VALUES (3, 'Say', 'Thus health police word.');
INSERT INTO categories (id, name, description) VALUES (4, 'Together', 'Cup himself no with business gas.');
INSERT INTO categories (id, name, description) VALUES (5, 'National', 'Law out power artist near.');
INSERT INTO categories (id, name, description) VALUES (6, 'Strategy', 'Thing reflect recent how exist spring likely.');
INSERT INTO categories (id, name, description) VALUES (7, 'Rate', 'Deal contain five write yet instead practice commercial.');
INSERT INTO categories (id, name, description) VALUES (8, 'Design', 'Republican prepare high will party compare poor.');
INSERT INTO categories (id, name, description) VALUES (9, 'Must', 'Share reduce animal seek pay return.');
INSERT INTO categories (id, name, description) VALUES (10, 'People', 'Culture something exist machine board sport.');

-- Attributes
INSERT INTO attributes (id, name, description) VALUES (1, 'Colour', 'Glass focus common how accept customer.');
INSERT INTO attributes (id, name, description) VALUES (2, 'Size', 'Enjoy knowledge ago ahead yourself address.');
INSERT INTO attributes (id, name, description) VALUES (3, 'Material', 'Energy pattern community analysis able career.');
INSERT INTO attributes (id, name, description) VALUES (4, 'Weight', 'Before mother line expert.');
INSERT INTO attributes (id, name, description) VALUES (5, 'Brand', 'Air none want suggest war.');

-- Products
INSERT INTO products (id, sku, name, description, category_id) VALUES (1, 'SKU-cag-5794', 'Senior', 'Task collection interesting the long whatever always.', 3);
INSERT INTO attribute_values (attribute_id, product_id, value) VALUES (1, 1, 'agency');
INSERT INTO attribute_values (attribute_id, product_id, value) VALUES (2, 1, 'before');
INSERT INTO attribute_values (attribute_id, product_id, value) VALUES (3, 1, 'middle');
INSERT INTO attribute_values (attribute_id, product_id, value) VALUES (4, 1, 'why');
INSERT INTO attribute_values (attribute_id, product_id, value) VALUES (5, 1, 'whatever');
INSERT INTO variants (product_id, sku) VALUES (1, 'SKU-cag-5794-VAR-1');
INSERT INTO variants (product_id, sku) VALUES (1, 'SKU-cag-5794-VAR-2');
INSERT INTO variants (product_id, sku) VALUES (1, 'SKU-cag-5794-VAR-3');
INSERT INTO images (product_id, url, alt_text) VALUES (1, 'https://picsum.photos/985/1008', 'Long reduce message discussion short head election.');
INSERT INTO products (id, sku, name, description, category_id) VALUES (2, 'SKU-jYl-3860', 'Best', 'Short truth similar Mrs.', 10);
INSERT INTO attribute_values (attribute_id, product_id, value) VALUES (1, 2, 'good');
INSERT INTO attribute_values (attribute_id, product_id, value) VALUES (2, 2, 'become');
INSERT INTO attribute_values (attribute_id, product_id, value) VALUES (3, 2, 'mean');
INSERT INTO attribute_values (attribute_id, product_id, value) VALUES (4, 2, 'probably');
INSERT INTO attribute_values (attribute_id, product_id, value) VALUES (5, 2, 'training');
INSERT INTO variants (product_id, sku) VALUES (2, 'SKU-jYl-3860-VAR-1');
INSERT INTO variants (product_id, sku) VALUES (2, 'SKU-jYl-3860-VAR-2');
INSERT INTO variants (product_id, sku) VALUES (2, 'SKU-jYl-3860-VAR-3');
INSERT INTO images (product_id, url, alt_text) VALUES (2, 'https://dummyimage.com/844x899', 'Hard recently response reason fish.');
INSERT INTO products (id, sku, name, description, category_id) VALUES (3, 'SKU-zHk-8524', 'Culture', 'Care which church cup picture him.', 5);
INSERT INTO attribute_values (attribute_id, product_id, value) VALUES (1, 3, 'also');
INSERT INTO attribute_values (attribute_id, product_id, value) VALUES (2, 3, 'PM');
INSERT INTO attribute_values (attribute_id, product_id, value) VALUES (3, 3, 'season');
INSERT INTO attribute_values (attribute_id, product_id, value) VALUES (4, 3, 'oil');
INSERT INTO attribute_values (attribute_id, product_id, value) VALUES (5, 3, 'age');
INSERT INTO variants (product_id, sku) VALUES (3, 'SKU-zHk-8524-VAR-1');
INSERT INTO variants (product_id, sku) VALUES (3, 'SKU-zHk-8524-VAR-2');
INSERT INTO images (product_id, url, alt_text) VALUES (3, 'https://dummyimage.com/872x820', 'Gas visit bring another write hear difficult support.');
INSERT INTO products (id, sku, name, description, category_id) VALUES (4, 'SKU-Ldl-1315', 'Age', 'Phone pick per decade.', 3);
INSERT INTO attribute_values (attribute_id, product_id, value) VALUES (1, 4, 'when');
INSERT INTO attribute_values (attribute_id, product_id, value) VALUES (2, 4, 'artist');
INSERT INTO attribute_values (attribute_id, product_id, value) VALUES (3, 4, 'much');
INSERT INTO attribute_values (attribute_id, product_id, value) VALUES (4, 4, 'lay');
INSERT INTO attribute_values (attribute_id, product_id, value) VALUES (5, 4, 'over');
INSERT INTO variants (product_id, sku) VALUES (4, 'SKU-Ldl-1315-VAR-1');
INSERT INTO images (product_id, url, alt_text) VALUES (4, 'https://placekitten.com/742/516', 'Good to success season price really upon remember.');
INSERT INTO products (id, sku, name, description, category_id) VALUES (5, 'SKU-yby-7503', 'Me', 'Thing subject well send find reality.', 4);
INSERT INTO attribute_values (attribute_id, product_id, value) VALUES (1, 5, 'cut');
INSERT INTO attribute_values (attribute_id, product_id, value) VALUES (2, 5, 'fish');
INSERT INTO attribute_values (attribute_id, product_id, value) VALUES (3, 5, 'effort');
INSERT INTO attribute_values (attribute_id, product_id, value) VALUES (4, 5, 'alone');
INSERT INTO attribute_values (attribute_id, product_id, value) VALUES (5, 5, 'organization');
INSERT INTO variants (product_id, sku) VALUES (5, 'SKU-yby-7503-VAR-1');
INSERT INTO variants (product_id, sku) VALUES (5, 'SKU-yby-7503-VAR-2');
INSERT INTO images (product_id, url, alt_text) VALUES (5, 'https://placekitten.com/1014/463', 'Number must education itself face computer dog.');
INSERT INTO products (id, sku, name, description, category_id) VALUES (6, 'SKU-woH-3184', 'Particular', 'Nearly base ability small.', 3);
INSERT INTO attribute_values (attribute_id, product_id, value) VALUES (1, 6, 'dark');
INSERT INTO attribute_values (attribute_id, product_id, value) VALUES (2, 6, 'at');
INSERT INTO attribute_values (attribute_id, product_id, value) VALUES (3, 6, 'and');
INSERT INTO attribute_values (attribute_id, product_id, value) VALUES (4, 6, 'image');
INSERT INTO attribute_values (attribute_id, product_id, value) VALUES (5, 6, 'citizen');
INSERT INTO variants (product_id, sku) VALUES (6, 'SKU-woH-3184-VAR-1');
INSERT INTO variants (product_id, sku) VALUES (6, 'SKU-woH-3184-VAR-2');
INSERT INTO images (product_id, url, alt_text) VALUES (6, 'https://placekitten.com/840/883', 'Produce picture board myself computer offer.');
INSERT INTO products (id, sku, name, description, category_id) VALUES (7, 'SKU-Ejd-6732', 'Sort', 'News team herself they.', 1);
INSERT INTO attribute_values (attribute_id, product_id, value) VALUES (1, 7, 'reduce');
INSERT INTO attribute_values (attribute_id, product_id, value) VALUES (2, 7, 'recent');
INSERT INTO attribute_values (attribute_id, product_id, value) VALUES (3, 7, 'ability');
INSERT INTO attribute_values (attribute_id, product_id, value) VALUES (4, 7, 'approach');
INSERT INTO attribute_values (attribute_id, product_id, value) VALUES (5, 7, 'teacher');
INSERT INTO variants (product_id, sku) VALUES (7, 'SKU-Ejd-6732-VAR-1');
INSERT INTO variants (product_id, sku) VALUES (7, 'SKU-Ejd-6732-VAR-2');
INSERT INTO variants (product_id, sku) VALUES (7, 'SKU-Ejd-6732-VAR-3');
INSERT INTO images (product_id, url, alt_text) VALUES (7, 'https://placekitten.com/87/954', 'Hot painting onto maintain shake forget.');
INSERT INTO products (id, sku, name, description, category_id) VALUES (8, 'SKU-TQV-5579', 'Born', 'Especially control because edge.', 2);
INSERT INTO attribute_values (attribute_id, product_id, value) VALUES (1, 8, 'animal');
INSERT INTO attribute_values (attribute_id, product_id, value) VALUES (2, 8, 'company');
INSERT INTO attribute_values (attribute_id, product_id, value) VALUES (3, 8, 'fear');
INSERT INTO attribute_values (attribute_id, product_id, value) VALUES (4, 8, 'source');
INSERT INTO attribute_values (attribute_id, product_id, value) VALUES (5, 8, 'far');
INSERT INTO variants (product_id, sku) VALUES (8, 'SKU-TQV-5579-VAR-1');
INSERT INTO images (product_id, url, alt_text) VALUES (8, 'https://placekitten.com/56/596', 'Carry only sense.');
INSERT INTO products (id, sku, name, description, category_id) VALUES (9, 'SKU-sWt-7408', 'Rate', 'Owner our population student perhaps effect.', 4);
INSERT INTO attribute_values (attribute_id, product_id, value) VALUES (1, 9, 'life');
INSERT INTO attribute_values (attribute_id, product_id, value) VALUES (2, 9, 'success');
INSERT INTO attribute_values (attribute_id, product_id, value) VALUES (3, 9, 'think');
INSERT INTO attribute_values (attribute_id, product_id, value) VALUES (4, 9, 'capital');
INSERT INTO attribute_values (attribute_id, product_id, value) VALUES (5, 9, 'college');
INSERT INTO variants (product_id, sku) VALUES (9, 'SKU-sWt-7408-VAR-1');
INSERT INTO images (product_id, url, alt_text) VALUES (9, 'https://dummyimage.com/150x399', 'Skill fill only natural cause study.');
INSERT INTO products (id, sku, name, description, category_id) VALUES (10, 'SKU-Npb-6330', 'Court', 'Director talk not think place seat.', 5);
INSERT INTO attribute_values (attribute_id, product_id, value) VALUES (1, 10, 'personal');
INSERT INTO attribute_values (attribute_id, product_id, value) VALUES (2, 10, 'strong');
INSERT INTO attribute_values (attribute_id, product_id, value) VALUES (3, 10, 'green');
INSERT INTO attribute_values (attribute_id, product_id, value) VALUES (4, 10, 'parent');
INSERT INTO attribute_values (attribute_id, product_id, value) VALUES (5, 10, 'person');
INSERT INTO variants (product_id, sku) VALUES (10, 'SKU-Npb-6330-VAR-1');
INSERT INTO variants (product_id, sku) VALUES (10, 'SKU-Npb-6330-VAR-2');
INSERT INTO images (product_id, url, alt_text) VALUES (10, 'https://dummyimage.com/72x359', 'Usually seat few watch sing far.');
INSERT INTO products (id, sku, name, description, category_id) VALUES (11, 'SKU-GeN-9853', 'Yard', 'Environment pull TV move.', 6);
INSERT INTO attribute_values (attribute_id, product_id, value) VALUES (1, 11, 'long');
INSERT INTO attribute_values (attribute_id, product_id, value) VALUES (2, 11, 'address');
INSERT INTO attribute_values (attribute_id, product_id, value) VALUES (3, 11, 'whatever');
INSERT INTO attribute_values (attribute_id, product_id, value) VALUES (4, 11, 'very');
INSERT INTO attribute_values (attribute_id, product_id, value) VALUES (5, 11, 'artist');
INSERT INTO variants (product_id, sku) VALUES (11, 'SKU-GeN-9853-VAR-1');
INSERT INTO variants (product_id, sku) VALUES (11, 'SKU-GeN-9853-VAR-2');
INSERT INTO images (product_id, url, alt_text) VALUES (11, 'https://picsum.photos/843/314', 'Piece between better north become second.');
INSERT INTO products (id, sku, name, description, category_id) VALUES (12, 'SKU-nCX-9345', 'Evidence', 'Pattern finish student treatment room always.', 3);
INSERT INTO attribute_values (attribute_id, product_id, value) VALUES (1, 12, 'identify');
INSERT INTO attribute_values (attribute_id, product_id, value) VALUES (2, 12, 'wear');
INSERT INTO attribute_values (attribute_id, product_id, value) VALUES (3, 12, 'focus');
INSERT INTO attribute_values (attribute_id, product_id, value) VALUES (4, 12, 'the');
INSERT INTO attribute_values (attribute_id, product_id, value) VALUES (5, 12, 'company');
INSERT INTO variants (product_id, sku) VALUES (12, 'SKU-nCX-9345-VAR-1');
INSERT INTO images (product_id, url, alt_text) VALUES (12, 'https://picsum.photos/883/755', 'Hear site six.');
INSERT INTO products (id, sku, name, description, category_id) VALUES (13, 'SKU-Kvy-4954', 'Arm', 'Book agent city land national option.', 3);
INSERT INTO attribute_values (attribute_id, product_id, value) VALUES (1, 13, 'agree');
INSERT INTO attribute_values (attribute_id, product_id, value) VALUES (2, 13, 'somebody');
INSERT INTO attribute_values (attribute_id, product_id, value) VALUES (3, 13, 'four');
INSERT INTO attribute_values (attribute_id, product_id, value) VALUES (4, 13, 'job');
INSERT INTO attribute_values (attribute_id, product_id, value) VALUES (5, 13, 'college');
INSERT INTO variants (product_id, sku) VALUES (13, 'SKU-Kvy-4954-VAR-1');
INSERT INTO variants (product_id, sku) VALUES (13, 'SKU-Kvy-4954-VAR-2');
INSERT INTO variants (product_id, sku) VALUES (13, 'SKU-Kvy-4954-VAR-3');
INSERT INTO images (product_id, url, alt_text) VALUES (13, 'https://picsum.photos/338/168', 'Four kid theory grow write yeah service.');
INSERT INTO products (id, sku, name, description, category_id) VALUES (14, 'SKU-fwV-3516', 'About', 'Firm hold collection Congress hear involve.', 8);
INSERT INTO attribute_values (attribute_id, product_id, value) VALUES (1, 14, 'blood');
INSERT INTO attribute_values (attribute_id, product_id, value) VALUES (2, 14, 'example');
INSERT INTO attribute_values (attribute_id, product_id, value) VALUES (3, 14, 'about');
INSERT INTO attribute_values (attribute_id, product_id, value) VALUES (4, 14, 'current');
INSERT INTO attribute_values (attribute_id, product_id, value) VALUES (5, 14, 'big');
INSERT INTO variants (product_id, sku) VALUES (14, 'SKU-fwV-3516-VAR-1');
INSERT INTO variants (product_id, sku) VALUES (14, 'SKU-fwV-3516-VAR-2');
INSERT INTO variants (product_id, sku) VALUES (14, 'SKU-fwV-3516-VAR-3');
INSERT INTO images (product_id, url, alt_text) VALUES (14, 'https://placekitten.com/46/913', 'Low ball sing visit system give factor region.');
INSERT INTO products (id, sku, name, description, category_id) VALUES (15, 'SKU-leu-4469', 'Meet', 'Relate matter home sea serious method but.', 8);
INSERT INTO attribute_values (attribute_id, product_id, value) VALUES (1, 15, 'yet');
INSERT INTO attribute_values (attribute_id, product_id, value) VALUES (2, 15, 'best');
INSERT INTO attribute_values (attribute_id, product_id, value) VALUES (3, 15, 'say');
INSERT INTO attribute_values (attribute_id, product_id, value) VALUES (4, 15, 'know');
INSERT INTO attribute_values (attribute_id, product_id, value) VALUES (5, 15, 'south');
INSERT INTO variants (product_id, sku) VALUES (15, 'SKU-leu-4469-VAR-1');
INSERT INTO images (product_id, url, alt_text) VALUES (15, 'https://dummyimage.com/945x258', 'Student partner meet couple by policy night.');
INSERT INTO products (id, sku, name, description, category_id) VALUES (16, 'SKU-xUW-5253', 'Bring', 'Four hold woman huge.', 5);
INSERT INTO attribute_values (attribute_id, product_id, value) VALUES (1, 16, 'operation');
INSERT INTO attribute_values (attribute_id, product_id, value) VALUES (2, 16, 'card');
INSERT INTO attribute_values (attribute_id, product_id, value) VALUES (3, 16, 'crime');
INSERT INTO attribute_values (attribute_id, product_id, value) VALUES (4, 16, 'ground');
INSERT INTO attribute_values (attribute_id, product_id, value) VALUES (5, 16, 'team');
INSERT INTO variants (product_id, sku) VALUES (16, 'SKU-xUW-5253-VAR-1');
INSERT INTO variants (product_id, sku) VALUES (16, 'SKU-xUW-5253-VAR-2');
INSERT INTO variants (product_id, sku) VALUES (16, 'SKU-xUW-5253-VAR-3');
INSERT INTO images (product_id, url, alt_text) VALUES (16, 'https://picsum.photos/744/902', 'Loss ten nor food live wall half.');
INSERT INTO products (id, sku, name, description, category_id) VALUES (17, 'SKU-FjQ-7723', 'Feel', 'Read majority exist.', 1);
INSERT INTO attribute_values (attribute_id, product_id, value) VALUES (1, 17, 'thousand');
INSERT INTO attribute_values (attribute_id, product_id, value) VALUES (2, 17, 'themselves');
INSERT INTO attribute_values (attribute_id, product_id, value) VALUES (3, 17, 'card');
INSERT INTO attribute_values (attribute_id, product_id, value) VALUES (4, 17, 'watch');
INSERT INTO attribute_values (attribute_id, product_id, value) VALUES (5, 17, 'model');
INSERT INTO variants (product_id, sku) VALUES (17, 'SKU-FjQ-7723-VAR-1');
INSERT INTO variants (product_id, sku) VALUES (17, 'SKU-FjQ-7723-VAR-2');
INSERT INTO variants (product_id, sku) VALUES (17, 'SKU-FjQ-7723-VAR-3');
INSERT INTO images (product_id, url, alt_text) VALUES (17, 'https://placekitten.com/639/737', 'Compare effort bad society lay reveal through.');
INSERT INTO products (id, sku, name, description, category_id) VALUES (18, 'SKU-leC-7992', 'Plan', 'Tough physical argue seek at.', 8);
INSERT INTO attribute_values (attribute_id, product_id, value) VALUES (1, 18, 'wife');
INSERT INTO attribute_values (attribute_id, product_id, value) VALUES (2, 18, 'it');
INSERT INTO attribute_values (attribute_id, product_id, value) VALUES (3, 18, 'item');
INSERT INTO attribute_values (attribute_id, product_id, value) VALUES (4, 18, 'capital');
INSERT INTO attribute_values (attribute_id, product_id, value) VALUES (5, 18, 'method');
INSERT INTO variants (product_id, sku) VALUES (18, 'SKU-leC-7992-VAR-1');
INSERT INTO images (product_id, url, alt_text) VALUES (18, 'https://placekitten.com/133/54', 'Company test trip bar benefit claim south.');
INSERT INTO products (id, sku, name, description, category_id) VALUES (19, 'SKU-XOy-2647', 'Simply', 'Successful action affect.', 8);
INSERT INTO attribute_values (attribute_id, product_id, value) VALUES (1, 19, 'another');
INSERT INTO attribute_values (attribute_id, product_id, value) VALUES (2, 19, 'system');
INSERT INTO attribute_values (attribute_id, product_id, value) VALUES (3, 19, 'seem');
INSERT INTO attribute_values (attribute_id, product_id, value) VALUES (4, 19, 'news');
INSERT INTO attribute_values (attribute_id, product_id, value) VALUES (5, 19, 'effort');
INSERT INTO variants (product_id, sku) VALUES (19, 'SKU-XOy-2647-VAR-1');
INSERT INTO variants (product_id, sku) VALUES (19, 'SKU-XOy-2647-VAR-2');
INSERT INTO images (product_id, url, alt_text) VALUES (19, 'https://dummyimage.com/27x502', 'Money affect clear for.');
INSERT INTO products (id, sku, name, description, category_id) VALUES (20, 'SKU-ucS-2798', 'Hit', 'Such room staff food sport where.', 3);
INSERT INTO attribute_values (attribute_id, product_id, value) VALUES (1, 20, 'modern');
INSERT INTO attribute_values (attribute_id, product_id, value) VALUES (2, 20, 'side');
INSERT INTO attribute_values (attribute_id, product_id, value) VALUES (3, 20, 'respond');
INSERT INTO attribute_values (attribute_id, product_id, value) VALUES (4, 20, 'impact');
INSERT INTO attribute_values (attribute_id, product_id, value) VALUES (5, 20, 'star');
INSERT INTO variants (product_id, sku) VALUES (20, 'SKU-ucS-2798-VAR-1');
INSERT INTO variants (product_id, sku) VALUES (20, 'SKU-ucS-2798-VAR-2');
INSERT INTO images (product_id, url, alt_text) VALUES (20, 'https://placekitten.com/989/332', 'Office drop cut team.');
INSERT INTO products (id, sku, name, description, category_id) VALUES (21, 'SKU-qPM-3901', 'Market', 'City same time central test.', 4);
INSERT INTO attribute_values (attribute_id, product_id, value) VALUES (1, 21, 'significant');
INSERT INTO attribute_values (attribute_id, product_id, value) VALUES (2, 21, 'pressure');
INSERT INTO attribute_values (attribute_id, product_id, value) VALUES (3, 21, 'send');
INSERT INTO attribute_values (attribute_id, product_id, value) VALUES (4, 21, 'dog');
INSERT INTO attribute_values (attribute_id, product_id, value) VALUES (5, 21, 'land');
INSERT INTO variants (product_id, sku) VALUES (21, 'SKU-qPM-3901-VAR-1');
INSERT INTO variants (product_id, sku) VALUES (21, 'SKU-qPM-3901-VAR-2');
INSERT INTO variants (product_id, sku) VALUES (21, 'SKU-qPM-3901-VAR-3');
INSERT INTO images (product_id, url, alt_text) VALUES (21, 'https://dummyimage.com/573x755', 'Argue although offer area subject.');
INSERT INTO products (id, sku, name, description, category_id) VALUES (22, 'SKU-yvP-9297', 'Himself', 'Need break high who agree rather break.', 1);
INSERT INTO attribute_values (attribute_id, product_id, value) VALUES (1, 22, 'moment');
INSERT INTO attribute_values (attribute_id, product_id, value) VALUES (2, 22, 'citizen');
INSERT INTO attribute_values (attribute_id, product_id, value) VALUES (3, 22, 'talk');
INSERT INTO attribute_values (attribute_id, product_id, value) VALUES (4, 22, 'amount');
INSERT INTO attribute_values (attribute_id, product_id, value) VALUES (5, 22, 'stop');
INSERT INTO variants (product_id, sku) VALUES (22, 'SKU-yvP-9297-VAR-1');
INSERT INTO variants (product_id, sku) VALUES (22, 'SKU-yvP-9297-VAR-2');
INSERT INTO images (product_id, url, alt_text) VALUES (22, 'https://picsum.photos/52/791', 'Apply so light gas.');
INSERT INTO products (id, sku, name, description, category_id) VALUES (23, 'SKU-XPP-7570', 'Blue', 'Possible teach itself city her.', 6);
INSERT INTO attribute_values (attribute_id, product_id, value) VALUES (1, 23, 'rise');
INSERT INTO attribute_values (attribute_id, product_id, value) VALUES (2, 23, 'kitchen');
INSERT INTO attribute_values (attribute_id, product_id, value) VALUES (3, 23, 'avoid');
INSERT INTO attribute_values (attribute_id, product_id, value) VALUES (4, 23, 'whom');
INSERT INTO attribute_values (attribute_id, product_id, value) VALUES (5, 23, 'large');
INSERT INTO variants (product_id, sku) VALUES (23, 'SKU-XPP-7570-VAR-1');
INSERT INTO variants (product_id, sku) VALUES (23, 'SKU-XPP-7570-VAR-2');
INSERT INTO images (product_id, url, alt_text) VALUES (23, 'https://picsum.photos/659/441', 'Up man stuff center clearly day.');
INSERT INTO products (id, sku, name, description, category_id) VALUES (24, 'SKU-cFi-2809', 'Site', 'Threat head spend everyone every rich.', 7);
INSERT INTO attribute_values (attribute_id, product_id, value) VALUES (1, 24, 'fast');
INSERT INTO attribute_values (attribute_id, product_id, value) VALUES (2, 24, 'later');
INSERT INTO attribute_values (attribute_id, product_id, value) VALUES (3, 24, 'speak');
INSERT INTO attribute_values (attribute_id, product_id, value) VALUES (4, 24, 'senior');
INSERT INTO attribute_values (attribute_id, product_id, value) VALUES (5, 24, 'rock');
INSERT INTO variants (product_id, sku) VALUES (24, 'SKU-cFi-2809-VAR-1');
INSERT INTO variants (product_id, sku) VALUES (24, 'SKU-cFi-2809-VAR-2');
INSERT INTO variants (product_id, sku) VALUES (24, 'SKU-cFi-2809-VAR-3');
INSERT INTO images (product_id, url, alt_text) VALUES (24, 'https://dummyimage.com/822x396', 'Almost question than card.');
INSERT INTO products (id, sku, name, description, category_id) VALUES (25, 'SKU-JSA-3655', 'Among', 'Bed direction cell sort behind live page.', 1);
INSERT INTO attribute_values (attribute_id, product_id, value) VALUES (1, 25, 'little');
INSERT INTO attribute_values (attribute_id, product_id, value) VALUES (2, 25, 'quite');
INSERT INTO attribute_values (attribute_id, product_id, value) VALUES (3, 25, 'city');
INSERT INTO attribute_values (attribute_id, product_id, value) VALUES (4, 25, 'today');
INSERT INTO attribute_values (attribute_id, product_id, value) VALUES (5, 25, 'us');
INSERT INTO variants (product_id, sku) VALUES (25, 'SKU-JSA-3655-VAR-1');
INSERT INTO images (product_id, url, alt_text) VALUES (25, 'https://dummyimage.com/137x87', 'Account herself away action develop risk up.');
INSERT INTO products (id, sku, name, description, category_id) VALUES (26, 'SKU-ODb-9265', 'Strategy', 'Stage us can couple quality risk.', 9);
INSERT INTO attribute_values (attribute_id, product_id, value) VALUES (1, 26, 'particular');
INSERT INTO attribute_values (attribute_id, product_id, value) VALUES (2, 26, 'agreement');
INSERT INTO attribute_values (attribute_id, product_id, value) VALUES (3, 26, 'remain');
INSERT INTO attribute_values (attribute_id, product_id, value) VALUES (4, 26, 'scientist');
INSERT INTO attribute_values (attribute_id, product_id, value) VALUES (5, 26, 'today');
INSERT INTO variants (product_id, sku) VALUES (26, 'SKU-ODb-9265-VAR-1');
INSERT INTO variants (product_id, sku) VALUES (26, 'SKU-ODb-9265-VAR-2');
INSERT INTO variants (product_id, sku) VALUES (26, 'SKU-ODb-9265-VAR-3');
INSERT INTO images (product_id, url, alt_text) VALUES (26, 'https://dummyimage.com/836x32', 'Movie consider fish language police.');
INSERT INTO products (id, sku, name, description, category_id) VALUES (27, 'SKU-IJY-2350', 'Skill', 'Present prevent might concern action mind.', 6);
INSERT INTO attribute_values (attribute_id, product_id, value) VALUES (1, 27, 'forget');
INSERT INTO attribute_values (attribute_id, product_id, value) VALUES (2, 27, 'about');
INSERT INTO attribute_values (attribute_id, product_id, value) VALUES (3, 27, 'again');
INSERT INTO attribute_values (attribute_id, product_id, value) VALUES (4, 27, 'interest');
INSERT INTO attribute_values (attribute_id, product_id, value) VALUES (5, 27, 'benefit');
INSERT INTO variants (product_id, sku) VALUES (27, 'SKU-IJY-2350-VAR-1');
INSERT INTO variants (product_id, sku) VALUES (27, 'SKU-IJY-2350-VAR-2');
INSERT INTO variants (product_id, sku) VALUES (27, 'SKU-IJY-2350-VAR-3');
INSERT INTO images (product_id, url, alt_text) VALUES (27, 'https://dummyimage.com/692x167', 'First town tend.');
INSERT INTO products (id, sku, name, description, category_id) VALUES (28, 'SKU-rQL-3790', 'Thus', 'Meet business century bar.', 9);
INSERT INTO attribute_values (attribute_id, product_id, value) VALUES (1, 28, 'these');
INSERT INTO attribute_values (attribute_id, product_id, value) VALUES (2, 28, 'population');
INSERT INTO attribute_values (attribute_id, product_id, value) VALUES (3, 28, 'network');
INSERT INTO attribute_values (attribute_id, product_id, value) VALUES (4, 28, 'culture');
INSERT INTO attribute_values (attribute_id, product_id, value) VALUES (5, 28, 'grow');
INSERT INTO variants (product_id, sku) VALUES (28, 'SKU-rQL-3790-VAR-1');
INSERT INTO images (product_id, url, alt_text) VALUES (28, 'https://placekitten.com/555/833', 'Decide we staff suffer full fact drug.');
INSERT INTO products (id, sku, name, description, category_id) VALUES (29, 'SKU-tQV-3147', 'Mother', 'Different director second see executive wear senior.', 9);
INSERT INTO attribute_values (attribute_id, product_id, value) VALUES (1, 29, 'drug');
INSERT INTO attribute_values (attribute_id, product_id, value) VALUES (2, 29, 'young');
INSERT INTO attribute_values (attribute_id, product_id, value) VALUES (3, 29, 'car');
INSERT INTO attribute_values (attribute_id, product_id, value) VALUES (4, 29, 'ok');
INSERT INTO attribute_values (attribute_id, product_id, value) VALUES (5, 29, 'nearly');
INSERT INTO variants (product_id, sku) VALUES (29, 'SKU-tQV-3147-VAR-1');
INSERT INTO images (product_id, url, alt_text) VALUES (29, 'https://placekitten.com/459/839', 'Executive art yard so without interesting heavy practice.');
INSERT INTO products (id, sku, name, description, category_id) VALUES (30, 'SKU-Bez-0394', 'Art', 'Along seven list response yard red.', 9);
INSERT INTO attribute_values (attribute_id, product_id, value) VALUES (1, 30, 'nearly');
INSERT INTO attribute_values (attribute_id, product_id, value) VALUES (2, 30, 'piece');
INSERT INTO attribute_values (attribute_id, product_id, value) VALUES (3, 30, 'meet');
INSERT INTO attribute_values (attribute_id, product_id, value) VALUES (4, 30, 'break');
INSERT INTO attribute_values (attribute_id, product_id, value) VALUES (5, 30, 'story');
INSERT INTO variants (product_id, sku) VALUES (30, 'SKU-Bez-0394-VAR-1');
INSERT INTO variants (product_id, sku) VALUES (30, 'SKU-Bez-0394-VAR-2');
INSERT INTO variants (product_id, sku) VALUES (30, 'SKU-Bez-0394-VAR-3');
INSERT INTO images (product_id, url, alt_text) VALUES (30, 'https://picsum.photos/878/248', 'Their probably five seven nature although friend public.');
INSERT INTO products (id, sku, name, description, category_id) VALUES (31, 'SKU-twO-8287', 'Weight', 'Half can daughter possible boy woman discover.', 7);
INSERT INTO attribute_values (attribute_id, product_id, value) VALUES (1, 31, 'response');
INSERT INTO attribute_values (attribute_id, product_id, value) VALUES (2, 31, 'manage');
INSERT INTO attribute_values (attribute_id, product_id, value) VALUES (3, 31, 'view');
INSERT INTO attribute_values (attribute_id, product_id, value) VALUES (4, 31, 'alone');
INSERT INTO attribute_values (attribute_id, product_id, value) VALUES (5, 31, 'my');
INSERT INTO variants (product_id, sku) VALUES (31, 'SKU-twO-8287-VAR-1');
INSERT INTO variants (product_id, sku) VALUES (31, 'SKU-twO-8287-VAR-2');
INSERT INTO images (product_id, url, alt_text) VALUES (31, 'https://picsum.photos/892/488', 'Myself specific game success however clearly drop.');
INSERT INTO products (id, sku, name, description, category_id) VALUES (32, 'SKU-tJi-8321', 'Make', 'Maybe wish minute.', 6);
INSERT INTO attribute_values (attribute_id, product_id, value) VALUES (1, 32, 'ability');
INSERT INTO attribute_values (attribute_id, product_id, value) VALUES (2, 32, 'drug');
INSERT INTO attribute_values (attribute_id, product_id, value) VALUES (3, 32, 'move');
INSERT INTO attribute_values (attribute_id, product_id, value) VALUES (4, 32, 'later');
INSERT INTO attribute_values (attribute_id, product_id, value) VALUES (5, 32, 'tell');
INSERT INTO variants (product_id, sku) VALUES (32, 'SKU-tJi-8321-VAR-1');
INSERT INTO images (product_id, url, alt_text) VALUES (32, 'https://picsum.photos/955/630', 'Sell including particularly discover pattern.');
INSERT INTO products (id, sku, name, description, category_id) VALUES (33, 'SKU-oHw-5935', 'Day', 'My red environment.', 9);
INSERT INTO attribute_values (attribute_id, product_id, value) VALUES (1, 33, 'human');
INSERT INTO attribute_values (attribute_id, product_id, value) VALUES (2, 33, 'community');
INSERT INTO attribute_values (attribute_id, product_id, value) VALUES (3, 33, 'kind');
INSERT INTO attribute_values (attribute_id, product_id, value) VALUES (4, 33, 'avoid');
INSERT INTO attribute_values (attribute_id, product_id, value) VALUES (5, 33, 'matter');
INSERT INTO variants (product_id, sku) VALUES (33, 'SKU-oHw-5935-VAR-1');
INSERT INTO variants (product_id, sku) VALUES (33, 'SKU-oHw-5935-VAR-2');
INSERT INTO images (product_id, url, alt_text) VALUES (33, 'https://dummyimage.com/93x535', 'Box term research as time.');
INSERT INTO products (id, sku, name, description, category_id) VALUES (34, 'SKU-KZO-0798', 'Board', 'Collection glass apply us.', 1);
INSERT INTO attribute_values (attribute_id, product_id, value) VALUES (1, 34, 'goal');
INSERT INTO attribute_values (attribute_id, product_id, value) VALUES (2, 34, 'throughout');
INSERT INTO attribute_values (attribute_id, product_id, value) VALUES (3, 34, 'Mrs');
INSERT INTO attribute_values (attribute_id, product_id, value) VALUES (4, 34, 'force');
INSERT INTO attribute_values (attribute_id, product_id, value) VALUES (5, 34, 'again');
INSERT INTO variants (product_id, sku) VALUES (34, 'SKU-KZO-0798-VAR-1');
INSERT INTO variants (product_id, sku) VALUES (34, 'SKU-KZO-0798-VAR-2');
INSERT INTO variants (product_id, sku) VALUES (34, 'SKU-KZO-0798-VAR-3');
INSERT INTO images (product_id, url, alt_text) VALUES (34, 'https://picsum.photos/659/350', 'For certain various that single arm fact.');
INSERT INTO products (id, sku, name, description, category_id) VALUES (35, 'SKU-Jen-3156', 'Likely', 'Two exist suffer step store bank under.', 6);
INSERT INTO attribute_values (attribute_id, product_id, value) VALUES (1, 35, 'condition');
INSERT INTO attribute_values (attribute_id, product_id, value) VALUES (2, 35, 'newspaper');
INSERT INTO attribute_values (attribute_id, product_id, value) VALUES (3, 35, 'although');
INSERT INTO attribute_values (attribute_id, product_id, value) VALUES (4, 35, 'protect');
INSERT INTO attribute_values (attribute_id, product_id, value) VALUES (5, 35, 'near');
INSERT INTO variants (product_id, sku) VALUES (35, 'SKU-Jen-3156-VAR-1');
INSERT INTO images (product_id, url, alt_text) VALUES (35, 'https://placekitten.com/478/413', 'Pressure beyond politics blue stage identify society parent.');
INSERT INTO products (id, sku, name, description, category_id) VALUES (36, 'SKU-Rxr-4533', 'Thank', 'Training cost practice whatever own article.', 7);
INSERT INTO attribute_values (attribute_id, product_id, value) VALUES (1, 36, 'society');
INSERT INTO attribute_values (attribute_id, product_id, value) VALUES (2, 36, 'ask');
INSERT INTO attribute_values (attribute_id, product_id, value) VALUES (3, 36, 'administration');
INSERT INTO attribute_values (attribute_id, product_id, value) VALUES (4, 36, 'truth');
INSERT INTO attribute_values (attribute_id, product_id, value) VALUES (5, 36, 'forward');
INSERT INTO variants (product_id, sku) VALUES (36, 'SKU-Rxr-4533-VAR-1');
INSERT INTO variants (product_id, sku) VALUES (36, 'SKU-Rxr-4533-VAR-2');
INSERT INTO variants (product_id, sku) VALUES (36, 'SKU-Rxr-4533-VAR-3');
INSERT INTO images (product_id, url, alt_text) VALUES (36, 'https://picsum.photos/979/851', 'Area then better other contain.');
INSERT INTO products (id, sku, name, description, category_id) VALUES (37, 'SKU-Lrb-9278', 'Him', 'Anyone relationship share determine.', 10);
INSERT INTO attribute_values (attribute_id, product_id, value) VALUES (1, 37, 'growth');
INSERT INTO attribute_values (attribute_id, product_id, value) VALUES (2, 37, 'billion');
INSERT INTO attribute_values (attribute_id, product_id, value) VALUES (3, 37, 'address');
INSERT INTO attribute_values (attribute_id, product_id, value) VALUES (4, 37, 'none');
INSERT INTO attribute_values (attribute_id, product_id, value) VALUES (5, 37, 'approach');
INSERT INTO variants (product_id, sku) VALUES (37, 'SKU-Lrb-9278-VAR-1');
INSERT INTO variants (product_id, sku) VALUES (37, 'SKU-Lrb-9278-VAR-2');
INSERT INTO variants (product_id, sku) VALUES (37, 'SKU-Lrb-9278-VAR-3');
INSERT INTO images (product_id, url, alt_text) VALUES (37, 'https://placekitten.com/933/25', 'The something everybody institution.');
INSERT INTO products (id, sku, name, description, category_id) VALUES (38, 'SKU-nzh-1281', 'Miss', 'Piece him way method.', 9);
INSERT INTO attribute_values (attribute_id, product_id, value) VALUES (1, 38, 'tax');
INSERT INTO attribute_values (attribute_id, product_id, value) VALUES (2, 38, 'foreign');
INSERT INTO attribute_values (attribute_id, product_id, value) VALUES (3, 38, 'day');
INSERT INTO attribute_values (attribute_id, product_id, value) VALUES (4, 38, 'and');
INSERT INTO attribute_values (attribute_id, product_id, value) VALUES (5, 38, 'environmental');
INSERT INTO variants (product_id, sku) VALUES (38, 'SKU-nzh-1281-VAR-1');
INSERT INTO variants (product_id, sku) VALUES (38, 'SKU-nzh-1281-VAR-2');
INSERT INTO variants (product_id, sku) VALUES (38, 'SKU-nzh-1281-VAR-3');
INSERT INTO images (product_id, url, alt_text) VALUES (38, 'https://dummyimage.com/852x431', 'News though clear bag cover.');
INSERT INTO products (id, sku, name, description, category_id) VALUES (39, 'SKU-IZd-6608', 'Win', 'Spend long just than market.', 7);
INSERT INTO attribute_values (attribute_id, product_id, value) VALUES (1, 39, 'always');
INSERT INTO attribute_values (attribute_id, product_id, value) VALUES (2, 39, 'society');
INSERT INTO attribute_values (attribute_id, product_id, value) VALUES (3, 39, 'throw');
INSERT INTO attribute_values (attribute_id, product_id, value) VALUES (4, 39, 'say');
INSERT INTO attribute_values (attribute_id, product_id, value) VALUES (5, 39, 'guy');
INSERT INTO variants (product_id, sku) VALUES (39, 'SKU-IZd-6608-VAR-1');
INSERT INTO variants (product_id, sku) VALUES (39, 'SKU-IZd-6608-VAR-2');
INSERT INTO images (product_id, url, alt_text) VALUES (39, 'https://placekitten.com/359/1010', 'Good structure interesting soon American much hotel reality.');
INSERT INTO products (id, sku, name, description, category_id) VALUES (40, 'SKU-njD-6666', 'Major', 'Ahead cultural home manage realize decade person.', 7);
INSERT INTO attribute_values (attribute_id, product_id, value) VALUES (1, 40, 'tree');
INSERT INTO attribute_values (attribute_id, product_id, value) VALUES (2, 40, 'out');
INSERT INTO attribute_values (attribute_id, product_id, value) VALUES (3, 40, 'him');
INSERT INTO attribute_values (attribute_id, product_id, value) VALUES (4, 40, 'court');
INSERT INTO attribute_values (attribute_id, product_id, value) VALUES (5, 40, 'social');
INSERT INTO variants (product_id, sku) VALUES (40, 'SKU-njD-6666-VAR-1');
INSERT INTO images (product_id, url, alt_text) VALUES (40, 'https://picsum.photos/830/176', 'Yes fill international fire.');
INSERT INTO products (id, sku, name, description, category_id) VALUES (41, 'SKU-ken-9568', 'Role', 'Ability fly station then nation box end.', 6);
INSERT INTO attribute_values (attribute_id, product_id, value) VALUES (1, 41, 'billion');
INSERT INTO attribute_values (attribute_id, product_id, value) VALUES (2, 41, 'natural');
INSERT INTO attribute_values (attribute_id, product_id, value) VALUES (3, 41, 'receive');
INSERT INTO attribute_values (attribute_id, product_id, value) VALUES (4, 41, 'travel');
INSERT INTO attribute_values (attribute_id, product_id, value) VALUES (5, 41, 'effort');
INSERT INTO variants (product_id, sku) VALUES (41, 'SKU-ken-9568-VAR-1');
INSERT INTO variants (product_id, sku) VALUES (41, 'SKU-ken-9568-VAR-2');
INSERT INTO variants (product_id, sku) VALUES (41, 'SKU-ken-9568-VAR-3');
INSERT INTO images (product_id, url, alt_text) VALUES (41, 'https://placekitten.com/233/800', 'Heart can life.');
INSERT INTO products (id, sku, name, description, category_id) VALUES (42, 'SKU-rGK-6345', 'Structure', 'Inside choice report month.', 1);
INSERT INTO attribute_values (attribute_id, product_id, value) VALUES (1, 42, 'up');
INSERT INTO attribute_values (attribute_id, product_id, value) VALUES (2, 42, 'adult');
INSERT INTO attribute_values (attribute_id, product_id, value) VALUES (3, 42, 'growth');
INSERT INTO attribute_values (attribute_id, product_id, value) VALUES (4, 42, 'gas');
INSERT INTO attribute_values (attribute_id, product_id, value) VALUES (5, 42, 'data');
INSERT INTO variants (product_id, sku) VALUES (42, 'SKU-rGK-6345-VAR-1');
INSERT INTO images (product_id, url, alt_text) VALUES (42, 'https://placekitten.com/935/69', 'Over part activity happy particular.');
INSERT INTO products (id, sku, name, description, category_id) VALUES (43, 'SKU-mHZ-7575', 'Determine', 'Everybody suggest within amount.', 5);
INSERT INTO attribute_values (attribute_id, product_id, value) VALUES (1, 43, 'point');
INSERT INTO attribute_values (attribute_id, product_id, value) VALUES (2, 43, 'fear');
INSERT INTO attribute_values (attribute_id, product_id, value) VALUES (3, 43, 'direction');
INSERT INTO attribute_values (attribute_id, product_id, value) VALUES (4, 43, 'across');
INSERT INTO attribute_values (attribute_id, product_id, value) VALUES (5, 43, 'raise');
INSERT INTO variants (product_id, sku) VALUES (43, 'SKU-mHZ-7575-VAR-1');
INSERT INTO images (product_id, url, alt_text) VALUES (43, 'https://picsum.photos/337/600', 'Commercial happy however weight draw.');
INSERT INTO products (id, sku, name, description, category_id) VALUES (44, 'SKU-dVh-8138', 'Others', 'Soon lose threat message series realize.', 8);
INSERT INTO attribute_values (attribute_id, product_id, value) VALUES (1, 44, 'sign');
INSERT INTO attribute_values (attribute_id, product_id, value) VALUES (2, 44, 'each');
INSERT INTO attribute_values (attribute_id, product_id, value) VALUES (3, 44, 'human');
INSERT INTO attribute_values (attribute_id, product_id, value) VALUES (4, 44, 'prepare');
INSERT INTO attribute_values (attribute_id, product_id, value) VALUES (5, 44, 'someone');
INSERT INTO variants (product_id, sku) VALUES (44, 'SKU-dVh-8138-VAR-1');
INSERT INTO variants (product_id, sku) VALUES (44, 'SKU-dVh-8138-VAR-2');
INSERT INTO images (product_id, url, alt_text) VALUES (44, 'https://placekitten.com/751/462', 'Word vote street budget over.');
INSERT INTO products (id, sku, name, description, category_id) VALUES (45, 'SKU-FBE-7102', 'Stuff', 'Range quite account hear particular class involve throw.', 6);
INSERT INTO attribute_values (attribute_id, product_id, value) VALUES (1, 45, 'table');
INSERT INTO attribute_values (attribute_id, product_id, value) VALUES (2, 45, 'woman');
INSERT INTO attribute_values (attribute_id, product_id, value) VALUES (3, 45, 'back');
INSERT INTO attribute_values (attribute_id, product_id, value) VALUES (4, 45, 'bring');
INSERT INTO attribute_values (attribute_id, product_id, value) VALUES (5, 45, 'against');
INSERT INTO variants (product_id, sku) VALUES (45, 'SKU-FBE-7102-VAR-1');
INSERT INTO images (product_id, url, alt_text) VALUES (45, 'https://placekitten.com/482/176', 'Soldier home resource stop traditional total.');
INSERT INTO products (id, sku, name, description, category_id) VALUES (46, 'SKU-qqI-4424', 'Yard', 'Student election can which industry.', 2);
INSERT INTO attribute_values (attribute_id, product_id, value) VALUES (1, 46, 'many');
INSERT INTO attribute_values (attribute_id, product_id, value) VALUES (2, 46, 'class');
INSERT INTO attribute_values (attribute_id, product_id, value) VALUES (3, 46, 'that');
INSERT INTO attribute_values (attribute_id, product_id, value) VALUES (4, 46, 'about');
INSERT INTO attribute_values (attribute_id, product_id, value) VALUES (5, 46, 'structure');
INSERT INTO variants (product_id, sku) VALUES (46, 'SKU-qqI-4424-VAR-1');
INSERT INTO images (product_id, url, alt_text) VALUES (46, 'https://picsum.photos/691/553', 'Result operation discover month left somebody thus.');
INSERT INTO products (id, sku, name, description, category_id) VALUES (47, 'SKU-aTW-6872', 'Address', 'Off thousand list.', 9);
INSERT INTO attribute_values (attribute_id, product_id, value) VALUES (1, 47, 'certainly');
INSERT INTO attribute_values (attribute_id, product_id, value) VALUES (2, 47, 'responsibility');
INSERT INTO attribute_values (attribute_id, product_id, value) VALUES (3, 47, 'mind');
INSERT INTO attribute_values (attribute_id, product_id, value) VALUES (4, 47, 'film');
INSERT INTO attribute_values (attribute_id, product_id, value) VALUES (5, 47, 'main');
INSERT INTO variants (product_id, sku) VALUES (47, 'SKU-aTW-6872-VAR-1');
INSERT INTO variants (product_id, sku) VALUES (47, 'SKU-aTW-6872-VAR-2');
INSERT INTO variants (product_id, sku) VALUES (47, 'SKU-aTW-6872-VAR-3');
INSERT INTO images (product_id, url, alt_text) VALUES (47, 'https://dummyimage.com/469x471', 'Natural happen well ready sit every right.');
INSERT INTO products (id, sku, name, description, category_id) VALUES (48, 'SKU-ibR-3725', 'Nice', 'Something worker take.', 5);
INSERT INTO attribute_values (attribute_id, product_id, value) VALUES (1, 48, 'simply');
INSERT INTO attribute_values (attribute_id, product_id, value) VALUES (2, 48, 'bill');
INSERT INTO attribute_values (attribute_id, product_id, value) VALUES (3, 48, 'military');
INSERT INTO attribute_values (attribute_id, product_id, value) VALUES (4, 48, 'probably');
INSERT INTO attribute_values (attribute_id, product_id, value) VALUES (5, 48, 'section');
INSERT INTO variants (product_id, sku) VALUES (48, 'SKU-ibR-3725-VAR-1');
INSERT INTO images (product_id, url, alt_text) VALUES (48, 'https://picsum.photos/471/846', 'Actually tree main service bar leg.');
INSERT INTO products (id, sku, name, description, category_id) VALUES (49, 'SKU-aIQ-6663', 'Exactly', 'Anyone anyone beyond yet ask together executive parent.', 10);
INSERT INTO attribute_values (attribute_id, product_id, value) VALUES (1, 49, 'away');
INSERT INTO attribute_values (attribute_id, product_id, value) VALUES (2, 49, 'several');
INSERT INTO attribute_values (attribute_id, product_id, value) VALUES (3, 49, 'system');
INSERT INTO attribute_values (attribute_id, product_id, value) VALUES (4, 49, 'stage');
INSERT INTO attribute_values (attribute_id, product_id, value) VALUES (5, 49, 'poor');
INSERT INTO variants (product_id, sku) VALUES (49, 'SKU-aIQ-6663-VAR-1');
INSERT INTO variants (product_id, sku) VALUES (49, 'SKU-aIQ-6663-VAR-2');
INSERT INTO variants (product_id, sku) VALUES (49, 'SKU-aIQ-6663-VAR-3');
INSERT INTO images (product_id, url, alt_text) VALUES (49, 'https://picsum.photos/930/134', 'Child whatever political back million the such.');
INSERT INTO products (id, sku, name, description, category_id) VALUES (50, 'SKU-Mfj-3194', 'Spend', 'Road garden where physical some agent.', 2);
INSERT INTO attribute_values (attribute_id, product_id, value) VALUES (1, 50, 'individual');
INSERT INTO attribute_values (attribute_id, product_id, value) VALUES (2, 50, 'difficult');
INSERT INTO attribute_values (attribute_id, product_id, value) VALUES (3, 50, 'American');
INSERT INTO attribute_values (attribute_id, product_id, value) VALUES (4, 50, 'standard');
INSERT INTO attribute_values (attribute_id, product_id, value) VALUES (5, 50, 'wall');
INSERT INTO variants (product_id, sku) VALUES (50, 'SKU-Mfj-3194-VAR-1');
INSERT INTO images (product_id, url, alt_text) VALUES (50, 'https://placekitten.com/966/219', 'Box have central vote.');
